<ImportExportXml version="9.2.21041.153" SolutionPackageVersion="9.2" languagecode="1033" generatedBy="CrmLive" xmlns:xsi="http://www.w3.org/2001/XMLSchema-instance">
  <SolutionManifest>
    <UniqueName>SecuritySystem</UniqueName>
    <LocalizedNames>
      <LocalizedName description="Security System" languagecode="1033" />
    </LocalizedNames>
    <Descriptions />
    <Version>1.0.0.0</Version>
    <Managed>0</Managed>
    <Publisher>
      <UniqueName>labs</UniqueName>
      <LocalizedNames>
        <LocalizedName description="Labs" languagecode="1033" />
      </LocalizedNames>
      <Descriptions />
      <EMailAddress xsi:nil="true"></EMailAddress>
      <SupportingWebsiteUrl xsi:nil="true"></SupportingWebsiteUrl>
      <CustomizationPrefix>lab</CustomizationPrefix>
      <CustomizationOptionValuePrefix>80817</CustomizationOptionValuePrefix>
      <Addresses>
        <Address>
          <AddressNumber>1</AddressNumber>
          <AddressTypeCode>1</AddressTypeCode>
          <City xsi:nil="true"></City>
          <County xsi:nil="true"></County>
          <Country xsi:nil="true"></Country>
          <Fax xsi:nil="true"></Fax>
          <FreightTermsCode xsi:nil="true"></FreightTermsCode>
          <ImportSequenceNumber xsi:nil="true"></ImportSequenceNumber>
          <Latitude xsi:nil="true"></Latitude>
          <Line1 xsi:nil="true"></Line1>
          <Line2 xsi:nil="true"></Line2>
          <Line3 xsi:nil="true"></Line3>
          <Longitude xsi:nil="true"></Longitude>
          <Name xsi:nil="true"></Name>
          <PostalCode xsi:nil="true"></PostalCode>
          <PostOfficeBox xsi:nil="true"></PostOfficeBox>
          <PrimaryContactName xsi:nil="true"></PrimaryContactName>
          <ShippingMethodCode>1</ShippingMethodCode>
          <StateOrProvince xsi:nil="true"></StateOrProvince>
          <Telephone1 xsi:nil="true"></Telephone1>
          <Telephone2 xsi:nil="true"></Telephone2>
          <Telephone3 xsi:nil="true"></Telephone3>
          <TimeZoneRuleVersionNumber xsi:nil="true"></TimeZoneRuleVersionNumber>
          <UPSZone xsi:nil="true"></UPSZone>
          <UTCOffset xsi:nil="true"></UTCOffset>
          <UTCConversionTimeZoneCode xsi:nil="true"></UTCConversionTimeZoneCode>
        </Address>
        <Address>
          <AddressNumber>2</AddressNumber>
          <AddressTypeCode>1</AddressTypeCode>
          <City xsi:nil="true"></City>
          <County xsi:nil="true"></County>
          <Country xsi:nil="true"></Country>
          <Fax xsi:nil="true"></Fax>
          <FreightTermsCode xsi:nil="true"></FreightTermsCode>
          <ImportSequenceNumber xsi:nil="true"></ImportSequenceNumber>
          <Latitude xsi:nil="true"></Latitude>
          <Line1 xsi:nil="true"></Line1>
          <Line2 xsi:nil="true"></Line2>
          <Line3 xsi:nil="true"></Line3>
          <Longitude xsi:nil="true"></Longitude>
          <Name xsi:nil="true"></Name>
          <PostalCode xsi:nil="true"></PostalCode>
          <PostOfficeBox xsi:nil="true"></PostOfficeBox>
          <PrimaryContactName xsi:nil="true"></PrimaryContactName>
          <ShippingMethodCode>1</ShippingMethodCode>
          <StateOrProvince xsi:nil="true"></StateOrProvince>
          <Telephone1 xsi:nil="true"></Telephone1>
          <Telephone2 xsi:nil="true"></Telephone2>
          <Telephone3 xsi:nil="true"></Telephone3>
          <TimeZoneRuleVersionNumber xsi:nil="true"></TimeZoneRuleVersionNumber>
          <UPSZone xsi:nil="true"></UPSZone>
          <UTCOffset xsi:nil="true"></UTCOffset>
          <UTCConversionTimeZoneCode xsi:nil="true"></UTCConversionTimeZoneCode>
        </Address>
      </Addresses>
    </Publisher>
    <RootComponents>
      <RootComponent type="1" schemaName="contact" behavior="2" />
      <RootComponent type="1" schemaName="lab_accesskey" behavior="0" />
      <RootComponent type="1" schemaName="lab_building" behavior="0" />
      <RootComponent type="1" schemaName="lab_country" behavior="0" />
      <RootComponent type="1" schemaName="lab_inspection" behavior="0" />
      <RootComponent type="1" schemaName="lab_parkingpass" behavior="0" />
      <RootComponent type="1" schemaName="lab_room" behavior="0" />
      <RootComponent type="1" schemaName="lab_visit" behavior="0" />
      <RootComponent type="1" schemaName="lab_visitor" behavior="0" />
      <RootComponent type="1" schemaName="systemuser" behavior="0" />
      <RootComponent type="9" schemaName="lab_parkingstatus" behavior="0" />
      <RootComponent type="9" schemaName="lab_visitpurpose" behavior="0" />
      <RootComponent type="9" schemaName="lab_visitstatus" behavior="0" />
      <RootComponent type="20" id="{9df4ae2c-eaa5-eb11-9442-00224800115b}" behavior="0" />
      <RootComponent type="20" id="{a975bc63-e9a5-eb11-9442-00224800115b}" behavior="0" />
      <RootComponent type="29" id="{0bc8307f-bf36-4e33-a7f0-cbe01384aa41}" behavior="0" />
      <RootComponent type="29" id="{18fd05c1-dda4-eb11-b1ac-000d3a86b2aa}" behavior="0" />
      <RootComponent type="29" id="{57944e6b-e4a5-eb11-9442-00224800115b}" behavior="0" />
      <RootComponent type="29" id="{5f10081f-32ba-42ac-9a82-02377c9beeb8}" behavior="0" />
      <RootComponent type="29" id="{60a00a8f-e6a5-eb11-9442-00224800115b}" behavior="0" />
      <RootComponent type="29" id="{7085dac6-e0a5-eb11-9442-00224800115b}" behavior="0" />
      <RootComponent type="29" id="{743650f7-dda4-eb11-b1ac-000d3a86b2aa}" behavior="0" />
      <RootComponent type="60" id="{0ac0177e-dda5-eb11-9442-00224800115b}" behavior="0" />
      <RootComponent type="60" id="{157b7777-245b-479a-b3fa-27e3b78648ba}" behavior="0" />
      <RootComponent type="60" id="{1e14cb4e-a3f5-4130-9ba9-abc3a379e02b}" behavior="0" />
      <RootComponent type="60" id="{62751b6e-8fe1-4b3e-b179-309fbfb0de25}" behavior="0" />
      <RootComponent type="60" id="{993ac87a-92c6-434e-927d-91d63480c877}" behavior="0" />
      <RootComponent type="60" id="{a3f4e4b1-e3a5-eb11-9442-00224800115b}" behavior="0" />
      <RootComponent type="60" id="{bd4b625f-6d7c-4ee0-ac9f-10434adf288a}" behavior="0" />
      <RootComponent type="60" id="{dbd1a1ab-0076-405d-a942-af639d678458}" behavior="0" />
      <RootComponent type="60" id="{f21d904a-b966-451e-8f9e-ae4e8a5639a7}" behavior="0" />
      <RootComponent type="60" id="{fb629ab7-79a4-eb11-b1ac-000d3a86b2aa}" behavior="0" />
      <RootComponent type="62" schemaName="lab_visitmanagementapp" behavior="0" />
      <RootComponent type="63" id="{0c18e7e3-e5a5-eb11-9442-00224800115b}" behavior="0" />
      <RootComponent type="63" id="{322f6dbb-e5a5-eb11-9442-00224800115b}" behavior="0" />
      <RootComponent type="63" id="{6528af99-e5a5-eb11-9442-00224800115b}" behavior="0" />
      <RootComponent type="63" id="{f9e032a4-e5a5-eb11-9442-00224800115b}" behavior="0" />
      <RootComponent type="80" schemaName="lab_visitmanagementapp" behavior="0" />
      <RootComponent type="300" schemaName="lab_securitycanvasapp_46cdb" behavior="0" />
    </RootComponents>
    <MissingDependencies>
      <MissingDependency>
        <Required key="0" type="1" schemaName="appusersetting" displayName="Model-Driven App User Setting" solution="AppModule (9.1.21035.210331004)" />
        <Dependent key="1" type="1" schemaName="systemuser" displayName="User" />
      </MissingDependency>
      <MissingDependency>
        <Required key="2" type="1" schemaName="bot" displayName="Chatbot" solution="PowerVirtualAgents (1.1.2.322)" />
        <Dependent key="1" type="1" schemaName="systemuser" displayName="User" />
      </MissingDependency>
      <MissingDependency>
        <Required key="3" type="1" schemaName="usermobileofflineprofilemembership" displayName="UserMobileOfflineProfileMembership" solution="MobileOfflineMembership (1.0.0.2)" />
        <Dependent key="1" type="1" schemaName="systemuser" displayName="User" />
      </MissingDependency>
      <MissingDependency>
        <Required key="4" type="60" displayName="Contact" parentDisplayName="Contact" solution="msdynce_AppCommon (9.0.4.0066)" id="{1fed44d1-ae68-4a41-bd2b-f13acac4acfa}" />
        <Dependent key="5" type="80" schemaName="lab_visitmanagementapp" displayName="Visit Management" />
      </MissingDependency>
      <MissingDependency>
        <Required key="6" type="61" schemaName="msdyn_/Images/AppModule_Default_Icon.png" displayName="msdyn_/Images/AppModule_Default_Icon.png" solution="AppModuleWebResources (2.5)" />
        <Dependent key="5" type="80" schemaName="lab_visitmanagementapp" displayName="Visit Management" />
      </MissingDependency>
    </MissingDependencies>
  </SolutionManifest>
</ImportExportXml>