<environmentvariabledefinition schemaname="lab_SsecurityManagementPowerBIDashboard">
  <defaultvalue>{"group":{"id":"017e621d-3cdc-41e9-9b9e-76e2bff6177e","name":"Security System"},"component":{"id":"38747f14-d8f1-44f0-8d8f-ee366e1f1930","name":"Security Analytics","type":"Dashboard","embedUrl":"https://app.powerbi.com/dashboardEmbed"}}</defaultvalue>
  <displayname default="Security Management Power BI Dashboard">
    <label description="Security Management Power BI Dashboard" languagecode="1033" />
  </displayname>
  <introducedversion>1.0.0.0</introducedversion>
  <iscustomizable>1</iscustomizable>
  <isrequired>0</isrequired>
  <type>100000003</type>
</environmentvariabledefinition>