{"properties":{"connectionReferences":{"shared_commondataserviceforapps_1":{"runtimeSource":"embedded","connection":{"connectionReferenceLogicalName":"lab_sharedcommondataserviceforapps_a52eb"},"api":{"name":"shared_commondataserviceforapps"}}},"definition":{"$schema":"https://schema.management.azure.com/providers/Microsoft.Logic/schemas/2016-06-01/workflowdefinition.json#","contentVersion":"1.0.0.0","parameters":{"$connections":{"defaultValue":{},"type":"Object"},"$authentication":{"defaultValue":{},"type":"SecureObject"}},"triggers":{"Daily":{"recurrence":{"frequency":"Week","interval":1,"timeZone":"UTC","schedule":{"weekDays":["Monday","Tuesday","Wednesday","Thursday","Friday"],"hours":["7"],"minutes":[0]}},"type":"Recurrence"}},"actions":{"Buldings":{"runAfter":{},"type":"OpenApiConnection","inputs":{"host":{"connectionName":"shared_commondataserviceforapps_1","operationId":"ListRecords","apiId":"/providers/Microsoft.PowerApps/apis/shared_commondataserviceforapps"},"parameters":{"entityName":"lab_buildings"},"authentication":"@parameters('$authentication')"}},"Loop":{"foreach":"@outputs('Buldings')?['body/value']","actions":{"Daily_inspection":{"runAfter":{},"type":"OpenApiConnection","inputs":{"host":{"connectionName":"shared_commondataserviceforapps_1","operationId":"CreateRecord","apiId":"/providers/Microsoft.PowerApps/apis/shared_commondataserviceforapps"},"parameters":{"entityName":"lab_inspections","item/lab_inspectiondate":"@utcNow()","item/lab_name":"Daily inspection","item/lab_buildingid@odata.bind":"lab_buildings(@{items('Loop')?['lab_buildingid']})"},"authentication":"@parameters('$authentication')"}}},"runAfter":{"Buldings":["Succeeded"]},"type":"Foreach"}},"outputs":{}}},"schemaVersion":"1.0.0.0"}