{"properties":{"connectionReferences":{"shared_commondataserviceforapps_1":{"runtimeSource":"embedded","connection":{"connectionReferenceLogicalName":"lab_sharedcommondataserviceforapps_a52eb"},"api":{"name":"shared_commondataserviceforapps"}}},"definition":{"$schema":"https://schema.management.azure.com/providers/Microsoft.Logic/schemas/2016-06-01/workflowdefinition.json#","contentVersion":"1.0.0.0","parameters":{"$connections":{"defaultValue":{},"type":"Object"},"$authentication":{"defaultValue":{},"type":"SecureObject"}},"triggers":{"Daily_6am":{"recurrence":{"frequency":"Day","interval":1,"timeZone":"UTC","schedule":{"hours":["6"],"minutes":[0]}},"type":"Recurrence"}},"actions":{"Initialize_variable":{"runAfter":{},"type":"InitializeVariable","inputs":{"variables":[{"name":"SpacesBooked","type":"integer","value":0}]}},"BuildingList":{"runAfter":{"Initialize_variable":["Succeeded"]},"type":"OpenApiConnection","inputs":{"host":{"connectionName":"shared_commondataserviceforapps_1","operationId":"ListRecords","apiId":"/providers/Microsoft.PowerApps/apis/shared_commondataserviceforapps"},"parameters":{"entityName":"lab_buildings"},"authentication":"@parameters('$authentication')"}},"Building_Loop":{"foreach":"@outputs('BuildingList')?['body/value']","actions":{"ParkingList":{"runAfter":{},"type":"OpenApiConnection","inputs":{"host":{"connectionName":"shared_commondataserviceforapps_1","operationId":"ListRecords","apiId":"/providers/Microsoft.PowerApps/apis/shared_commondataserviceforapps"},"parameters":{"entityName":"lab_parkingpasses","$filter":"(Microsoft.Dynamics.CRM.Today(PropertyName='lab_bookeddate') and _lab_buildingid_value eq @{items('Building_Loop')?['lab_buildingid']})"},"authentication":"@parameters('$authentication')"}},"Count_to_zero":{"runAfter":{"ParkingList":["Succeeded"]},"type":"SetVariable","inputs":{"name":"SpacesBooked","value":0}},"Parking_Passes_Loop":{"foreach":"@outputs('ParkingList')?['body/value']","actions":{"Increment_variable":{"runAfter":{},"type":"IncrementVariable","inputs":{"name":"SpacesBooked","value":1}}},"runAfter":{"Count_to_zero":["Succeeded"]},"type":"Foreach"},"Building_Spaced_Booked":{"runAfter":{"Parking_Passes_Loop":["Succeeded"]},"type":"OpenApiConnection","inputs":{"host":{"connectionName":"shared_commondataserviceforapps_1","operationId":"UpdateRecord","apiId":"/providers/Microsoft.PowerApps/apis/shared_commondataserviceforapps"},"parameters":{"entityName":"lab_buildings","recordId":"@items('Building_Loop')?['lab_buildingid']","item/lab_parkingplacesbookedtoday":"@variables('SpacesBooked')"},"authentication":"@parameters('$authentication')"}}},"runAfter":{"BuildingList":["Succeeded"]},"type":"Foreach"}},"outputs":{}}},"schemaVersion":"1.0.0.0"}